{"cameraMode":{"drawMode":0,"name":"Shaded","section":"Shading Mode"},"sceneLighting":false,"audioPlay":false,"sceneViewState":{"showFog":true,"showMaterialUpdate":false,"showSkybox":false,"showFlares":true,"showImageEffects":true,"showParticleSystems":true},"in2DMode":false,"pivot":{"x":-4.21999979019165,"y":0.9500000476837158,"z":0.24000000953674317},"rotation":{"x":0.4024049639701843,"y":0.25652843713760378,"z":-0.11855031549930573,"w":0.8707531690597534},"size":5.7157673835754398,"orthographic":false}