{"cameraMode":{"drawMode":0,"name":"Shaded","section":"Shading Mode"},"sceneLighting":true,"audioPlay":false,"sceneViewState":{"showFog":true,"showMaterialUpdate":false,"showSkybox":true,"showFlares":true,"showImageEffects":true,"showParticleSystems":true},"in2DMode":false,"pivot":{"x":6.076902389526367,"y":2.0878491401672365,"z":-1.3298897743225098},"rotation":{"x":0.2528471350669861,"y":0.151622474193573,"z":-0.040155865252017978,"w":0.9547088742256165},"size":44.05373001098633,"orthographic":false}