{"cameraMode":{"drawMode":0,"name":"Shaded","section":"Shading Mode"},"sceneLighting":true,"audioPlay":false,"sceneViewState":{"showFog":true,"showMaterialUpdate":false,"showSkybox":true,"showFlares":true,"showImageEffects":true,"showParticleSystems":true},"in2DMode":false,"pivot":{"x":-0.7227191925048828,"y":0.47664546966552737,"z":-0.28143835067749026},"rotation":{"x":-0.14362183213233949,"y":0.8555842638015747,"z":-0.3311699628829956,"w":-0.37104925513267519},"size":9.47852897644043,"orthographic":false}