{"cameraMode":{"drawMode":1,"name":"Wireframe","section":"Shading Mode"},"sceneLighting":false,"audioPlay":false,"sceneViewState":{"showFog":true,"showMaterialUpdate":false,"showSkybox":false,"showFlares":true,"showImageEffects":true,"showParticleSystems":true},"in2DMode":false,"pivot":{"x":-0.8470858335494995,"y":1.3387221097946168,"z":0.0},"rotation":{"x":0.47157832980155947,"y":-0.03041173703968525,"z":0.016275910660624505,"w":0.8811498880386353},"size":6.338831424713135,"orthographic":false}